tRNA,SeqTence
TRI-TAT2-3,GCTCCAGTGGCGCAATCGGTTAGCGCGCGGTACTTATAATGCCGAGGTTGTGAGTTCGAGCCTCACCTGGAGCA
TRN-GTT9-1,GTCTCTGTGGCGCAATCGGTTAGCGCGTTCGGCTGTTAACTGAAAGGTTGGTGGTTCGAGCCCACCCGGGGACG
TRQ-CTG3-1,GGTTCCATGGTGTAATGGTGAGCACTCTGGACTCTGAATCCAGCGATCCGAGTTCGAGTCTCGGTGGAACCT
TRC-GCA7-1,GGGGGTATAGCTCAGGTGGTAGAGCATTTGACTGCAGATCAAGAGGTCCCCGGTTCAAATCCGGGTGCCCCCT
TRNAI-AAU,GGCCGGTTAGCTCAGTAGGTTAGAGCGTGGTGCTAATAACGCCAAGGTCGCGGGTTCGATCCCCGTACGGGCCA
TRM-CAT4-3,GCCCTCTTAGCGCAGCGGGCAGCGCGTCAGTCTCATAATCTGAAGGTCCTGAGTTCGAGCCTCAGAGAGGGCA
TRNAE-UUC,TCCCTGGTGGTCTAGTGGTCAGGATTCGGCGCTTTCACCGCCGCGGCCCGGGTTCGATTCCCGGTCAGGGAA
Trnas-gcu,GACGAGGTGGCCGAGTGGTGAAGGCGATGGACTGCTAATCCATTGTGCTCTGCACGCGTGGGTTCGAATCCCACCCTCGTCG
Trnm,AGTAAGGTCAGCTAAATAAGCTATCGGGCCCATACCCCGAAAATGTTGGTTATACCCTTCCCGTACTA
TRNW,AGAAATTTAGGTTAAATACAGACCAAGAGCCTTCAAAGCCCTCAGTAAGTTGCAATACTTAATTTCTG
Trna,GGGGAATTAGCTCAAGTGGTAGAGCGCTTGCTTAGCACGCAAGAGGTAGTGGGATCGATGCCCACATTCTCCA
Trnn,TAGATTGAAGCCAGTTGATTAGGGTGCTTAGCTGTTAACTAAGTGTTTGTGGGTTTAAGTCCCATTGGTCTAG
TRNT,GTCCTTGTAGTATAAACTAATACACCAGTCTTGTAAACCGGAGATGAAAACCTTTTTCCAAGGACA
TRS-AGA2-3,GTAGTCGTGGCCGAGTGGTTAAGGCGATGGACTAGAAATCCATTGGGGTCTCCCCGCGCAGGTTCGAATCCTGCCGACTACG
TRNT,GTCCTTGTAGTATAAACTAATACACCAGTCTTGTAAACCGGAGATGAAAACCTTTTTCCAAGGACA
3'-tRF-ProTGG-19,TCAAATCCCAGACGAGCCC
3'-tRNA-Asp-GUC-half,TCACGCGGGAGACCGGGGTTCAATTCCCCGACGGGGAGCCA
5'-tiRNA-Val,GTTTCCATAGCGTAGTAATTATCAAGTTTGCCTA
5'-tRF-GlyGCC,GCATGGGTGGTTCAGTGGTAGAATTCTC
5'-tRF-LysCTT,GCCCGGCTAGCTCAGTC
5'-tRNA-Arg-CCT,GCCCCAGTGGCCTAATG
5'-tRNA-Asp-GUC-half,TCCTCGTTAGTATAGTGGTTAGTATCCCCGCCTG
5'-tRNA-Glu-CTC,TCCCTGGTGGTCTAGTGGTTAGGATTCGGCGCTC
5'-tRNA-Leu-CAG,GTCAGGATGGCCGAGCGGTCTAAGGCGCTGCGTTC
5'-tRNA-Lys-TTT,GCCTGGATAGCTCAGTTGGTAGAGCATCAGACTT
5'tiRNA-His-GTG,GCCGTGATCGTATAGTGGTTAGTACTCTGCGTTG
5'Tyr-tRF,CTTTCGATAGCTCAGTT
5P_tRNA-Leu-CAA-4-1,GTCAGGATGGCCGAGTG
AS-tDR-001008,GGCTCGTTGGTCTAGGGGTATGATTCT
AS-tDR-003556,ATCGTATAGTGGTTAGTACTCTG
AS-tDR-003634,TAGTGGTTAGTACTCTG
AS-tDR-004492,CCATAACCCAGAGGTCGATG
AS-tDR-005058,CTTTGCACGCGTGGGT
AS-tDR-006555,GCCCCAGTGGAACCACCA
AS-tDR-006835,TCACGTCGGGGTCACCA
AS-tDR-007229,ACTCCAGATCAGAAGGCTGCGTG
AS-tDR-007319,GGCTCGTTGGTCTAGGGGTATGATTCTCA
AS-tDR-008570,ACACGCGAAAGGTCCCCGGT
AS-tDR-008586,CTCTTAATCCCAGGGTCGTG
AS-tDR-008594,CTCTTAATCTCAGGGTCGTA
AS-tDR-008924,TGGTGGGTGCATATGTTTT
AS-tDR-010713,GAAGATCGCGGGTTCGA
AS-tDR-010789,CAGTCGGTAGAGCATT
AS-tDR-011031,GGTAGTGTGGCCGAGCG
AS-tDR-011389,CCTGTCACGCGGGAGACCGGGGC
AS-tDR-011670,TGGTTAGGATTCGGCGCTCTCACCGCT
AS-tDR-011690,ATGGACATATGTCTGCGTG
AS-tDR-011775,TGGTGTGCTAGTTAATTT
AS-tDR-011816,TCGACTCCGGCTCGAAGGACCA
AS-tDR-011827,AGCAGCCGGAATTCTATTTT
AS-tDR-012690,TCCCCAGCATCTCCACCT
AS-tDR-013354,CTGTTAACCGAAAGGTTGGTG
AS-tDR-013428,TCCCTGGTGGTCTAGTGGTTAGGATA
AS-tDR-016239,GCTTAGTTGGTTAAAGCGCCTGTC
AS-tDR-016240,CTTAGTTGGTTAAAGCGCCTGTC
AS-tDR-016258,CTTAGTTGGTTAAAGCGCCTGT
Gly-tRF,GCATTGGTGGTTCAGTGGTAGAATTCTCGC
Gly-tRF,GCATTGGTGGTTCAGTGGTAGAATTCTCGC
MT-TA 5655T>C,GAGGGCTTAGCTTAATTAAAGTGGCTGATTTGCGTTCAGTTGATGCAGAGTGGGGTTTTGCAGTCCTTA
MT-TE 14692A>G,GTTCTTGTAGTTGAAATACAACGATGGTTTTTCATATCATTGGTCGTGGTCGTAGTCCGTGCGAGAATA
MT-TH 12201T>C,GTAAATATAGTTTAACCAAAACATCAGATTGTGAATCTGACAACAGAGGCTTACGACCCCTTACTTACC
MT-TI 4295A>G,AGAAATATGTCTGATAAAAGAGTTACTTTGATGGAGTAAATAATAGGAGCTTAAACCCCCTTATTTCTA
MT-TL1 3302A>G,GTTAAGATGGCAGAGCCCGGTAATCGCATAAAACTTAAAACTTTACAGTCAGAGGTTCAATTCCTCTTCTTAGCA
MT-TM 4435A>G,AGTAAGGTCAGCTAAATAAGCTATCGGGCCCATGCCCCGAAAATGTTGGTTATACCCTTCCCGTACTA
mt-tRNAAsn GTT,GCTCTTATAGCTCAAGGGTAGAGCAAAATACTGTTAATATTTGTATAGATGTTCGAGTCATCTTAAGAGCT
mt-tRNAAsp GTC,GGGTTAGTAACTTAACAGGTAAAGAATTATCTTGTCGAGATAATAGATGCAGGTTCGAATCCTGCCTAGCTCG
mt-tRNAGlu TTC,TCCCATATGGTCTAGCGGTTAGGATTCCTGGTTTTCACCCAGGTGGCCCGGGTTCGACTCCCGGTATGGGAA
mt-tRNALys TTT,GCCTGGATAGCTCAGTTGGTAGAGCATCAGACTTTTAATCTGAGGGTCCAGGGTTCAAGTCCCTGTTCAGGCA
mt-tRNAPro TGG,GGCTCGTTGGTCTAGTGGTATGATTCTCGCTTTGGGTGCGAGAGGTCCCGGGTTCAAATCCCGGACGAGCCC
mt-tRNASer(UCN),GAAAAAGTCATGGAGGCCATGGGGTTGGCTTGAAACCAGCTTTGGGGGGTTCGATTCCTTCCTTTTTTG
mt-tRNAThr TGT,GTCCTTGTAGTATAAACTAATACACCAGTCTTGTAAACCGGAGATGAAAACCTTTTTCCAAGGACA
mt-tRNATrp TCA,AGAAATTTAGGTTAAATACAGACCAAGAGCCTTCAAAGCCCTCAGTAAGTTGCAATACTTAATTTCTG
mt-tRNATyr GTA,GGTAAAATGGCTGAGTGAAGCATTGGACTGTAAATCTAAAGACAGGGGTTAGGCCTCTTTTTACCA
MT-TT 15927G>A,GTCCTTGTAGTATAAACTAATACACCAGTCTTGTAAACCAGAGATGAAAACCTTTTTCCAAGGACA
mtdbD00000543-His-GTG,GTAAATATAGTTTAACCAAAACATCAGATTGTGAATCTGACAACAGAGGCTTACGACCCCTTATTTACC
mtdbD000539-Asp-GTC,AAGGTATTAGAAAAACCATTTCATAACTTTGTCAAAGTTAAATTATAGGCTAAATCCTATATATCTTA
Other-2:23-tRNA-Val-AAC-1-M7,TTTCCGTAGTGTAGTGGTTATC
tiRNA-1:34-Glu-TTC-2,TCCCACATGGTCTAGCGGTTAGGATTCCTGGTTT
tiRNA-5035-GluCTC,TCCCTGGTGGTCTAGTGGTTAGGATTCGGCGCTC
tiRNA-Ala-CGC-002,GCATGCTTCGCATGTATGAGGTCCCGGGTTCGATCCCCGGCATCT
tiRNA-Asn-GTT-001,TAGATTGAAGCCAGTAAGTAGGGTATTTAGCTG
tiRNA-Asn-GTT-001,TAGATTGAAGCCAGTAAGTAGGGTATTTAGCTG
tiRNA-Asp-GTC-002,TCCTCGTTAGTATAGTGGTTAGTATCCCCGCCTG
tiRNA-Gln-CTG-002,TCCTCGTTAGTATAGTGGTTAGTATCCCCGCCTG
tiRNA-Gln-CTG-002,TCCTCGTTAGTATAGTGGTTAGTATCCCCGCCTG
tiRNA-Gln-TTG-001,GGCCCCATGGTGTAATGGTTAGCACTCTGGACTT
tiRNA-Glu-TTC-001,GGCCCCATGGTGTAATGGTTAGCACTCTGGACTT
tiRNA-Glu-TTC-003,TCCCTGGTGGTCTAGTGGCTAGGATTCGGCGCTT
tiRNA-Glu-TTC-003,TCCCTGGTGGTCTAGTGGCTAGGATTCGGCGCTT
tiRNA-Gly-CCC-001,GCATTGGTGGTTCAATGGTAGAATTCTCGCCTC
tiRNA-Gly-CCC-001,GCATTGGTGGTTCAATGGTAGAATTCTCGCCTC
tiRNA-Gly-GCC-001,GCATTGGTGGTTCAATGGTAGAATTCTCGCCTC
tiRNA-Gly-GCC-002,GCATTGGTGGTTCAGTGGTAGAATTCTCGCCTG
tiRNA-Gly,GCATGGGTGGTTCAGTGGTAGAATTCTCGCCTG
tiRNA-Gly-TCC-002,ACTCCCTTAGTATAAACAATACAACTGACTT
tiRNA-His-GTG-001,GCCGTGATCGTATAGTGGTTAGTACTCTGCGTTG
tiRNA-His-GTG-001,GCCGTGATCGTATAGTGGTTAGTACTCTGCGTTG
tiRNA-His-GTG-001,GCCGTGATCGTATAGTGGTTAGTACTCTGCGTTG
tiRNA-His-GTG-003,TGAATCTAACAACAGGAAATCAAATTCCTTATTTA
tiRNA-His-GTG-004,TGAATCTAACAACAGGAAATCAAATTCCTTATTTAC
tiRNA-Ile-GAT-001,AGAAATATGTCTGACAAAAGAGTTACTTTG
tiRNA-iMet-CAT-001,AGCAGAGTGGCGCAGCGGAAGCGTGCTGGGCCC
tiRNA-iMet-CAT-001,AGCAGAGTGGCGCAGCGGAAGCGTGCTGGGCCC
tiRNA-iMet-CAT-001,AGCAGAGTGGCGCAGCGGAAGCGTGCTGGGCCC
tiRNA-Leu-CAG-001,GTCAGGATGGCCGAGCGGTCTAAGGCGCTGCGTTC
tiRNA-Leu-TAA-002,ATTAGGGTGGCAGAGCCAGGTAATTGCGTAAGACTT
tiRNA-Leu-TAG-002,ATTAGGGTGGCAGAGCCAGGTAATTGCGTAAGACTT
tiRNA-Lys-CTT-001,GCCCGGCTAGCTCAGTCGGTAGAGCATGAGACCC
tiRNA-Lys-TTT-002,GCCCGGATAGCTCAGTCGGTAGAGCATCAGACTT
tiRNA-Lys-TTT-001,CACTGTAAAGCTAACTTAGCATTAACCTT
tiRNA-Lys-TTT-002,GCCCGGATAGCTCAGTCGGTAGAGCATCAGACTT
tiRNA-Lys-TTT-002,GCCCGGATAGCTCAGTCGGTAGAGCATCAGACTT
tiRNA-Met-CAT-001,AGCAGAGTGGCGCAGCGGAAGCGTGCTGGGCCC
tiRNA-Met-CAT-002,AGTAAGGTCAGCTAACTAAGCTATCGGGCCC
tiRNA-Met-CAT-002,AGTAAGGTCAGCTAACTAAGCTATCGGGCCC
tiRNA-Phe-GAA-002,GTTAATGTAGCTTATAATAAAGCAAAGCACTG
tiRNA-Phe-GAA-003,GCCGAAATAGCTCAGTTGGGAGAGCGTTAGACTG
tiRNA-Pro-TGG-003,CAAGAAGTAGTTTAAATAGAATATCAGCTTT
tiRNA-Ser-GCT-001,AAGAAAGATTGCAAGAACTG
tiRNA-Ser-GCT-001,AAGAAAGATTGCAAGAACTG
tiRNA-Ser-GCT-001,AAGAAAGATTGCAAGAACTG
tiRNA-Ser-GCT-001,AAGAAAGATTGCAAGAACTG
tiRNA-Thr-TGT-003,GTAAACCAAAAATGAAGAGTCAATCTTCTCAGGACACCA
tiRNA-Tyr-GTA-003,TAAATCTAAAGACAGGGGTTGAGCCCCCTTTTTACCA
tiRNA-Tyr-GTA,GGTAAAATGGCTGAGTGAAGCATTGGACTG
tiRNA-Val-AAC-002,GTTTCCGTAGTGTAGTGGTTATCACGTTCGCCTA
tiRNA-Val-AAC-002,GTTTCCGTAGTGTAGTGGTTATCACGTTCGCCTA
tiRNA-Val-AAC-002,GTTTCCGTAGTGTAGTGGTTATCACGTTCGCCTA
tiRNA-Val-AAC-002,GTTTCCGTAGTGTAGTGGTTATCACGTTCGCCTA
tiRNA-Val-CAC-001,GTTTCCGTAGTGTAGTGGTTATCACGCTCGCCTC
tiRNA-Val-CAC-002,GTTTCCGTAGTGTAGCGGTTATCACATTCGCCTC
tiRNA-Val-CAC-002,GTTTCCGTAGTGTAGCGGTTATCACATTCGCCTC
tiRNA-Val-CAC-002,GTTTCCGTAGTGTAGCGGTTATCACATTCGCCTC
tiRNA-Val-CAC-002,GTTTCCGTAGTGTAGCGGTTATCACATTCGCCTC
tiRNA-Val-CAC-002,GTTTCCGTAGTGTAGCGGTTATCACATTCGCCTC
tiRNA-Val-CAC-003,GTTTCCGTAGTGTAGTGGTTATCACGTTCGCCTC
tiRNA-Val-CAC-003,GTTTCCGTAGTGTAGTGGTTATCACGTTCGCCTC
tiRNA-Val-CAC,GCTTCTGTAGTGTAGTGGTTATCACGTTCGCCTC
tiRNA-Val-TAC-001,GGTTCCATAGTGTAGCGGTTATCACGTCTGCTTT
tiRNA-Val-TAC-004,GGTTCCATAGTGTAGTGGTTATCACGTCTGCTTT
tiRNA-Val-TAC-004,GGTTCCATAGTGTAGTGGTTATCACGTCTGCTTT
tiRNA5-Cys-GCA,GGGGGTATAGCTCAGTGGTAGAGCATTTGACTG
tiRNA5-Glu-TTC,TCCCTGGTGGTCTAGTGGCTAGGATTCGGCGCTT
tIRNA5-Gly-GCC,GCATTGGTGGTTCAGTGGTAGAATTCTCGCCTG
tiRNA5-Lys-CTT,GCCCGGCTAGCTCAGTCGGTAGAGCATGAGACTC
TRA-AGC6-1.1,GGGGGTATAGCTCAGTGGTAGAGCGCGTGCTTA
tRF-1:22-Lys-TTT-1-M3,GCCTGGATAGCTCAGTTGGTAG
tRF-1:30-Lys-CTT-1-M2,GCCTGGATAGCTCAGTTGGTAGAGCATCAG
tRF-16-5YXENDB,GATTGTGAATCTGACA
tRF-16-884U1DD,TCCGGCTCGAAGGACC
tRF-16-9L5HMVE,TGGTAGAGCGCGTGCT
tRF-16-B2Y0FDD,AAAGATTAAGAGAACC
tRF-16-I8W47WB,ATTGGTCGTGGTTGTA
tRF-16-RK9P4PE,GGGGGTGTAGCTCAGT
tRF-16-RKVP4P0,GGGGGTATAGCTCAGG
tRF-16-YU4RRW0,TTCGACTCCCGGTGTG
tRF-17-202L2YF,CAAAGCAATACACTGAA
tRF-17-31QJ3KQ,CCGCCGCGGCCCGGGTT
tRF-17-79MP9PP,GTTTCCGTAGTGTAGTG
tRF-17-79MP9PP,GTTTCCGTAGTGTAGTG
tRF-17-FN7BWU2,AGATTGTGAATCTGACA
tRF-17-VBY9PYJ,TAGAATTCTCGCCTGCC
tRF-17-YU4RRQ4,TTCGACTCCCGGTATGG
tRF-18-07QSNHD2,ACCCTGCTCGCTGCGCCA
tRF-18-5YXENDR,GATTGTGAATCTGACAAC
tRF-18-7SERM404,GTTCGACTCCCGGTGTGG
tRF-18-8R6546D2,TCCCCGGCACCTCCACCA
tRF-18-8R6Q46D2,TCCCCGGCATCTCCACCA
tRF-18-BS68BFD2,AACCGGGCGGAAACACCA
tRF-18,AATGCCGAGGTTGTGAGTTCGATCC
tRF-18-HR0VX6D2,ATCCCACCGCTGCCACCA
tRF-18-JMRPFQDY,CAGTCGGTAGAGCATGGG
tRF-18-MBQ4NKDJ,CGGAAGCGTGCTGGGCCC
tRF-18-OUR83004,GACGAGGTGGCCGAGTGG
tRF-18-S3M83004,GTAGTCGTGGCCGAGTGG
tRF-18-YRRHQFD2,TTCCCGGGCGGCGCACCA
tRF-19-3L7L73JD,CCGTAGTGTAGTGGTTATC
tRF-19-3L7L73JD,CCGTAGTGTAGTGGTTATC
tRF-19-5YXEND0U,GATTGTGAATCTGACAACA
tRF-19-H6Z3NPIJ,ATCCATTGGTCTTAGGCCC
tRF-19-Q99P9PJZ,GCTTCTGTAGTGTAGTGGT
tRF-19-RKVP4PJZ,GGGGGTATAGCTCAGTGGT
tRF-19-Z8SSFKJJ,TTTGGGTCCGAGAGGTCCC
tRF-20-1SS2P46I,AGTCGGTAGAGCATGGGACT
tRF-20-2IUIX1Q7,CAACTTAACTTGACCGCTCT
tRF-20-6S7P4PWJ,GGCCGGTTAGCTCAGTCGGC
tRF-20-M0NK5Y93,CGGAGCTGGGGATTGTGGGT
tRF-20-MEF91SS2,CGGATAGCTCAGTCGGTAGA
tRF-20-MEJB5Y13,CGGATCAGAAGATTGAGGGT
tRF-20-RK9P4P9L,GGGGGTGTAGCTCAGTGGTA
tRF-20-S998LO9D,GTCTCTGTGGCGCAATGGAC
tRF-20-V25Z2IUI,TAGGAGATTTCAACTTAACT
tRF-21-2E489B3RB,CAAATCTCGGTGGAACCTCCA
tRF-21-2N37WX01B,CAATTCCTCTTCTTAACACCA
tRF-21-7OFIZ9WUD,GTTAAAGACTTTTTCTCTGAC
tRF-21-DNB2Y0FDD,AAGTTAAAGATTAAGAGAACC
tRF-21-I8W47W1R0,ATTGGTCGTGGTTGTAGTCCG
tRF-21-LE3JWB61B,CGAATCCGGCTCGAAGGACCA
tRF-21-NYDRFU8U0,CTTTGAATCCAGCGATCCGAG
tRF-21-RKVP4P9L0,GGGGGTATAGCTCAGTGGTAG
tRF-21-WE884U1DD,TCGATTCCGGCTCGAAGGACC
tRF-22-8E89YZB52,TCAATTCCTCTTCTTAACACCA
tRF-22-8EKSP1852,TCAATCCCCGGCACCTCCACCA
tRF-22-8XF6RE98N,TCCTAAGCCAGGGATTGTGGGT
tRF-22-9LON4VN11,TGGTAGAATTCTCGCCTGCCAC
tRF-22-PZK0JNOR4,GCCTTCCAAGCAGTTGACCCGG
tRF-22-RKVP4P9LL,GGGGGTATAGCTCAGTGGTAGA
tRF-22-WE8SPOX52,TCGATTCCCGGCCAATGCACCA
tRF-22-WEKSPM852,TCGATCCCCGGCATCTCCACCA
tRF-23-H3RXSINH0P,ATAGTGGTTAGTACTCTGCGTTG
tRF-23-RK9P4P9LDS,GGGGGTGTAGCTCAGTGGTAGAG
tRF-23-Z87HFK8SDZ,TTTGGGTGCGAGAGGTCCCGGGT
tRF-24-NMEH623K25,CTGTCACGCGGGAGACCGGGGTTC
tRF-24-PY8HM2OSIZ,GCCTGTCACGCGGGAGACCGGGGT
tRF-24-V29K9UV3IU,TAGGATGGGGTGTGATAGGTGGCA
tRF-25-6YYDLBRY73,GGCTGTTAACCGAAAGGTTGGTGGT
tRF-25-9M739P8WQ0,TGGTCGTGGTTGTAGTCCGTGCGAG
tRF-25-HMI8W47W1R,ATATCATTGGTCGTGGTTGTAGTCC
tRF-25,ACCGGGATGGCCGAGTGGTTA
tRF-25-M0IBB7Z92K,CGGAGATGAAAACCTTTTTCCAAGG
tRF-25-P940KK5Y93,GCCTCCTAAGCCAGGGATTGTGGGT
tRF-25-R9ODMJ6B26,GGTTCGAAACCGGGCGGAAACACCA
tRF-26-325UB1ZZK00,CCGGAGATGAAAACCTTTTTCCAAGG
tRF-26-DBNIB9I1KQ0,AAGAACTGCTAACTCATGCCCCCATG
tRF-26-KVNMEH623K0,CCCGCCTGTCACGCGGGAGACCGGGG
tRF-26-MI7O3B1NR8E,CGGCTGTTAACCGAAAGGTTGGTGGT
tRF-26-XIP2801MK8E,TGACTGCAGATCAAGAGGTCCCCGGT
tRF-27-08F4BDNZ8O4,ACCGGAGATGAAAACCTTTTTCCAAGG
tRF-27-Q99P9P9NH5N,GCTTCTGTAGTGTAGTGGTTATCACGT
tRF-27-ZDXPHO53KSN,TTGACTGCAGATCAAGAGGTCCCCGGT
tRF-28-6Y1UFQ9D9ODD,GGCTGAGTGAAGCATTGGACTGTAAATC
tRF-28-86J8WPMN1E0J,TCCCACATGGTCTAGCGGTTAGGATTCC
tRF-28-P4R8YP9LOND5,GCATGGGTGGTTCAGTGGTAGAATTCTC
tRF-28-QSZ34KRQ590K,GCTCGTTGGTCTAGGGGTATGATTCTCG
tRF-29-86V8WPMN1EJ3,TCCCATATGGTCTAGCGGTTAGGATTCCT
tRF-29-P27JPJ6OMVJY,GCAGAGTGGCGCAGCGGAAGCGTGCTGGG
tRF-29-P4R8YP9LONHK,GCATGGGTGGTTCAGTGGTAGAATTCTCG
tRF-29-QU7BPN6ISBJO,GCTGAGTGAAGCATTGGACTGTAAATCTA
tRF-29QU7BPN6ISBJO,GCATTGGTGGTTCAGTGGTAGAATTCTCGC
tRF-3-tRNA-Ala-TGC-4-1,CCGGCATCTCCACCA
tRF-3-tRNA-Asp-GTC-2-7,CCCGACGGGGAGCCA
tRF-3-tRNA-Val-CAC-3-1,CGGGCGGAAACACCA
tRF-30-FQR47673FEWS,AGCATGGGTGGTTCAGTGGTAGAATTCTCG
tRF-30-JZOYJE22RR33,CATTTGACTGCAGATCAAGAGGTCCCCGGT
tRF-30-MIF91SS2P46I,CGGCTAGCTCAGTCGGTAGAGCATGGGACT
tRF-30-P4R8YP9LON4V,GCATGGGTGGTTCAGTGGTAGAATTCTCGC
tRF-30-RRJ89O9NF5W8,GGTCCCATGGTGTAATGGTTAGCACTCTGG
tRF-30-XQR47673FEWS,TGCATGGGTGGTTCAGTGGTAGAATTCTCG
tRF-30-XSXMSL73VL4Y,TGCCGTGATCGTATAGTGGTTAGTACTCTG
tRF-30-XSXMSL73VL4Y,TGCCGTGATCGTATAGTGGTTAGTACTCTG
tRF-3001b,ATCCCACCGCTGCCACCA
tRF-3003a,TCCCCGGCACCTCCACCA
tRF-3009,ACCCCACTCCTGGTACCA
tRF-3019a,TCCCCAGTACCTCCACCA
tRF-31-6978WPRLXN4VE,GGCTCGTTGGTCTAGGGGTATGATTCTCGCT
tRF-31-HQ9M739P8WQ0B,ATCATTGGTCGTGGTTGTAGTCCGTGCGAGA
tRF-31-PER8YP9LON4VD,GCAATGGTGGTTCAGTGGTAGAATTCTCGCC
tRF-31-PIR8YP9LON4VD,GCACTGGTGGTTCAGTGGTAGAATTCTCGCC
tRF-31-PNR8YP9LON4VD,GCATTGGTGGTTCAGTGGTAGAATTCTCGCC
tRF-315,GCCCGGCTAGCTCAGTCGGTAGAGCATGG
tRF-32-Q99P9P9NH57SJ,GCTTCTGTAGTGTAGTGGTTATCACGTTCGCC
tRF-32-XSXMSL73VL4YK,TGCCGTGATCGTATAGTGGTTAGTACTCTGCG
tRF-33-5YXENDBP1IUUDJ,GATTGTGAATCTGACAACAGAGGCTTACGACCC
tRF-33-P4R8YP9LON4VDP,GCATGGGTGGTTCAGTGGTAGAATTCTCGCCTG
tRF-33-Q99P9P9NH57SD3,GCTTCTGTAGTGTAGTGGTTATCACGTTCGCCT
tRF-34-5YXENDBP1IUU1J,GATTGTGAATCTGACAACAGAGGCTTACGACCCC
tRF-35-V0J8O9YEKPRS93,TAGAGCATGGGACTCTTAATCCCAGGGTCGTGGGT
tRF-38,AGAGCATCAGACTTT
tRF-38-QB1MK8YUBS68BFD2,GCGAAAGGTCCCCGGTTCGAAACCGGGCGGAAACACCA
tRF-38-RPFQRDWXHR13M80E,GGTAGAGCATGGGACTCTTAATCCCAGGGTCGTGGGTT
tRF-38-RZYQHQ9M739P8WD8,GGTTTTTCATATCATTGGTCGTGGTTGTAGTCCGTGCG
tRF-38-YDLBRY73WOK5KKDR,TTAACCGAAAGGTTGGTGGTTCGAGCCCACCCAGGGAC
tRF-39-HPDEXK7S1RNS9MI2,ATCAGAAGATTGAGGGTTCGAGTCCCTTCGTGGTCGCCA
tRF-39-I6D3887S1RMH5MI2,ATTCAAAGGTTCCGGGTTCGAGTCCCGGCGGAGTCGCCA
tRF-39-YQHQ9M739P8WQ0EB,TTCATATCATTGGTCGTGGTTGTAGTCCGTGCGAGAATA
tRF-40-Z6V6Z3M8ZLSSXUOL,TTTCATATCATTGGTCGTGGTTGTAGTCCGTGCGAGAATA
tRF-41-YDLBRY73W0K5KKOVD,TTAACCGAAAGGTTGGTGGTTCGAGCCCACCCAGGGACGCC
tRF-5,AACCCAGAGGTCGATGGATCG
tRF-5026a,GTTTCCGTAGTGTAGTGG
tRF-Ala-AGC-005,ATCCCCAGCATCTCCACCA
tRF-Ala-AGC-009,TCCCCAGCATCTCCACCA
tRF-Ala-AGC-038,GGGGGTGTAGCTCAGT
tRF-Ala-AGC-039,GGGGATGTAGCTCAGTGGTAGAG
tRF-Ala-AGC-051,TCAATCCCCGGCACCTCCACCA
tRF-Ala-AGC-053,TCCCCAGCATCTCCACCA
tRF-Ala-AGC-056,TCGATCCCCAGCACCTCCACCA
tRF-Ala-AGC-057,TCGATCCCCAGCATCTCCACCA
tRF-Ala-AGC-057,TCGATCCCCAGCATCTCCACCA
tRF-Ala-AGC-059,TCCCCAGCACCTCCACCA
tRF-Ala-AGC-063,TCGATCCCCAGTACCTCCACCA
tRF-Ala-CGC-002,GGGGATGTAGCTCAGTGGTAGAGCGCGCG
tRF-Ala-CGC-006,AGCAGCCGTAAGTTTCGTTT
tRF-Ala-CGC-007,AGCAGCCGTAAGTTTCGTTTT
tRF-Ala-CGC-1-1,GCGAGAGGCACGGGGTTCG
tRF-Ala-TGC-001,AACGGTGACTTTTT
tRF-Ala-TGC-002,ATCCCCGGCATCTCCACCA
tRF-Ala-TGC-002,ATCCCCGGCATCTCCACCA
tRF-Ala-TGC-015,GGGGATGTAGCTCAG
tRF-Ala-TGC-019,GGGGATGTAGCTCAGTGGTAGAGC
tRF-Ala-TGC-027,TCAATCCCCGGCATCTCCACCA
tRF-Ala-TGC-035,TCGGTCCCCGGCACCTCCACCA
tRF-Ala-TGC-035,TCGGTCCCCGGCACCTCCACCA
tRF-Ala-TGC-043,ATAGTCTTACAGTCCTTACCA
tRF-Ala-TGC-050,GAGGATTTAGCTTAATTAAAGCA
tRF-Ala-TGC-053,GAGGATTTAGCTTAATTAAAGCAGTTGAT
tRF-Ala-TGC-054,GAGGATTTAGCTTAATTAAAGCAGTTGATT
tRF-Ala-TGC-065,TAGTCTTACAGTCCTTACCA
tRF-Ala-TGC-067,TATAGTCTTACAGTCCTTACCA
tRF-Ala-UGC-2-1,GGGGATGTAGCTCAAATGGTAG
tRF-Arg-ACG-016,TTGGGACTGGTACTCCTTT
tRF-Arg-ACG-018,TTGGGACTGGTACTCCTTTATTT
tRF-Arg-ACG-019,TTGGGACTGGTACTCCTTTATTTA
tRF-Arg-ACG-021,TTGGGACTGGTACTCCTTTATTTT
tRF-Arg-ACG-035,GAGGTGTGCCTTTT
tRF-Arg-CCT-001,AGAGGTTGTGTTTT
tRF-Arg-CCT-017,TCGAGAGGGGCTGTGCTCGCAAGGTTTCTT
tRF-Arg-TCG-002,ATCATAATTACCAACCA
tRF-Arg-TCG-012,GTCCTGCCGCGGTCGCCA
tRF-Arg-TCG-023,AATAATCATAATTACCAACCA
tRF-Arg-TCG-024,AATCATAATTACCAACCA
tRF-Arg-TCG-026,ATAATCATAATTACCAACCA
tRF-Arg-TCG-027,ATCTGGATAGTGGCTTT
tRF-Arg-TCG-028,ATCTGGATAGTGGCTTTT
tRF-Arg-TCG-029,ATCTGGATAGTGGCTTTT
tRF-Arg-TCG-031,ATCTGGATAGTGGCTTTTGCTTT
tRF-Arg-TCG-032,ATCTGGATAGTGGCTTTTGCTTTT
tRF-Arg-TCT-018,GTCCCGCCAGAGTCGCCA
tRF-Asn-GTT-005,CCCACCCAGGGACGCCA
tRF-Asn-GTT-007,CGGCTGTTAACCGAA
tRF-Asn-GTT-014,TAGATTGAAGCCAGTA
tRF-Asn-GTT-016,GTCAGTGCTTCTTT
tRF-Asn-GTT-016,GTCAGTGCTTCTTT
tRF-Asn-GTT-020,AATCCTTCCAATCTAGCCA
tRF-Asn-GTT-021,ACGGCGCCTGAGCCTTAGGCTTT
tRF-Asn-GTT-022,ACGGCGCCTGAGCCTTAGGCTTTT
tRF-Asn-GTT-026,ACTATGATTCGCCTTTT
tRF-Asn-GTT-040,TAGATTGAAGCCAGTAAGTAGG
tRF-Asn-GTT-043,TAGATTGAAGCCAGTAAGTAGGGTATTT
tRF-Asn-GTT-044,TAGATTGAAGCCAGTAAGTAGGGTATTTA
tRF-Asn-GTT-045,TAGATTGAAGCCAGTAAGTAGGGTATTTAG
tRF-Asn-GTT-046,TAGATTGAAGCCAGTAAGTAGGGTATTTAGC
tRF-Asn-GTT-047,TAGATTGAAGCCAGTAAGTAGGGTATTTAGCT
tRF-Asn-GTT-047,TAGATTGAAGCCAGTAAGTAGGGTATTTAGCT
tRF-Asn-GUU-1-1,AACCACAAGGTCGGAGGT
tRF-Asp-GTC-001,AATCTATATATCTTACCA
tRF-Asp-GTC-017,TCCTCGTTAGTATAGTGGTGAGTATCCC
tRF-Asp-GTC-018,TCCTCGTTAGTATAGTGGTGAGTATCCCC
tRF-Asp-GTC-038,ACATGATGTCCTTT
tRF-Asp-GTC-039,ACATGATGTCCTTTT
tRF-Asp-GTC-040,ACATGATGTCCTTTTT
tRF-Asp-GTC-041,ACATGATGTCCTTTTTG
tRF-Asp-GTC-042,ACATTGAAGTTCCTTT
tRF-Asp-GTC-051,CTTAAATCTATATATCTTACCA
tRF-Asp-GTC-063,GCTGCGCATGAGATTTT
tRF-Asp-GTC-069,TAAATCTATATATCTTACCA
tRF-Asp-GTC-070,TTAAATCTATATATCTTACCA
tRF-Cys-GCA-005,ATCCAGGTGCCCCCTCCA
tRF-Cys-GCA-007,ATCCGGGTGCCCCCTCCA
tRF-Cys-GCA-010,CTCTACTAAGGCTTCCA
tRF-Cys-GCA-010,CTCTACTAAGGCTTCCA
tRF-Cys-GCA-022,GGGGGTATAGCTCAGTGGTAGAGCATTTGACT
tRF-Cys-GCA-027,TCCAGGTGCCCCCTCCA
tRF-Cys-GCA-027,TCCAGGTGCCCCCTCCA
tRF-Cys-GCA-029,TCCGGGTGCCCCCTCCA
tRF-Cys-GCA-041,AGCCTTAAGGTGATTATCATGTCG
tRF-Cys-GCA-042,AGCCTTAAGGTGATTATCATGTCGAATT
tRF-Cys-GCA-046,TCCAGGTGCCCCCTCCA
tRF-Cys-GCA-046,TCCAGGTGCCCCCTCCA
tRF-Cys-GCA-047,CCTCTACTAAGGCTTCCA
tRF-Cys-GCA-050,CTCCCGCCTCTTTT
tRF-Cys-GCA-051,CTCCCGCCTCTTTTT
tRF-Cys-GCA-054,CTCCTCTACTAAGGCTTCCA
tRF-Cys-GCA-061,GTGCACTCTTGATTT
tRF-Cys-GCA-062,GTGCACTCTTGATTTT
tRF-Cys-GCA-063,GTGCACTCTTGATTTTT
tRF-Cys-GCA-065,TCCTCTACTAAGGCTTCCA
tRF-Cys-GCA-066,TCTCCTCTACTAAGGCTTCCA
tRF-Cys-GCA-1-1,GGGTCCATAGCTCAGTGG
tRF-Gln-CTG-003,GGTTCCATGGTGTAATGGTTAGCACTCTGG
tRF-Gln-CTG-005,TCTCGGTGGAACCTCCA
tRF-Gln-CTG-010,GGTTCCATGGTGTAATGGTGAGCACTCTGG
tRF-Gln-CTG-014,GGTTCCATGGTGTAATGGTTAGCACTCTG
tRF-Gln-CTG-016,GGTTCCATGGTGTAATGGTTAGCACTCTGGA
tRF-Gln-CTG-034,TTCTGTTTACTCAAAAGAAGGTTGTTT
tRF-Gln-CTG-035,TTCTGTTTACTCAAAAGAAGGTTGTTTT
tRF-Gln-CUG-10-1,TCCAGTAACCCGAGTTCA
tRF-Gln-TTG-004,AATTCCTATTGTCCTAGCCA
tRF-Gln-TTG-006,ACAAAGGCTCTTTTA
tRF-Gln-TTG-011,CAATTCCTATTGTCCTAGCCA
tRF-Gln-TTG-017,GGCCCCATGGTGTAATGGTTAGCACTCTG
tRF-Gln-TTG-019,GGCCCCATGGTGTAATGGTTAGCACTCTGGA
tRF-Gln-TTG-021,GGTCCCATGGTGTAATGGTTAGCACTCTG
tRF-Gln-TTG-023,GGTCCCATGGTGTAATGGTTAGCACTCTGGA
tRF-Gln-TTG-031,TTCCTATTGTCCTAGCCA
tRF-Gln-TTG-034,ACAAAGGCTCTTTT
tRF-Gln-TTG-035,TAGGATGGGGTGTG
tRF-Gln-TTG-049,TAGGATAGGGTGTAT
tRF-Gln-TTG-051,TAGGATAGGGTGTATTGGTAGC
tRF-Gln-TTG-052,TAGGATAGGGTGTATTGGTAGCA
tRF-Gln-TTG-054,TAGGATAGGGTGTATTGGTAGCACGGAG
tRF-Gln-TTG-055,TAGGATAGGGTGTATTGGTAGCACGGAGA
tRF-Gln-TTG-056,TAGGATAGGGTGTATTGGTAGCACGGAGAA
tRF-Gln-TTG-057,TAGGATAGGGTGTATTGGTAGCACGGAGAAT
tRF-Gln-TTG-058,TAGGATAGGGTGTATTGGTAGCACGGAGAATT
tRF-Gln-UUG-1-1,TCTGGCGACCTGGGTTCG
tRF-Gln-UUG-10-1,GGTTTCGTAGTGTAGTGGTTAG
tRF-Glu-CTC-003,TCCCTGGTGGTCTAGT
tRF-Glu-CTC-014,TCCCTGGTGGTCTAGTGGTTAGGATTCA
tRF-Glu-CTC-016,TCCCTGGTGGTCTAGTGGTTAGGATTCAGC
tRF-Glu-CTC-017,TCCCTGGTGGTCTAGTGGTTAGGATTCAGCA
tRF-Glu-CTC-018,TCCCTGGTGGTCTAGTGGTTAGGATTCG
tRF-Glu-CTC-021,TCCCTGGTGGTCTAGTGGTTAGGATTCGGCG
tRF-Glu-CTC-022,TCCCTGGTGGTCTAGTGGTTAGGATTCGGCGC
tRF-Glu-CTC-027,TCGCTGGTGGTCTAGTGGTTAGGATTCGGCG
tRF-Glu-CUC-1-1,CCGTCGTAGTCTAGGTGG
tRF-Glu-TTC-008,CTCCCGGTATGGGAACCA
tRF-Glu-TTC-009,CTCCCGGTGTGGGAACCA
tRF-Glu-TTC-010,TCCCACATGGTCTAGCGGTTAGGATTCCT
tRF-Glu-TTC-013,TCCCACATGGTCTAGCGGTTAGGATTCCTGGT
tRF-Glu-TTC-013,TCCCACATGGTCTAGCGGTTAGGATTCCTGGT
tRF-Glu-TTC-020,TCCCATATGGTCTAGCGGTTAGGATTCCTGG
tRF-Glu-TTC-024,TCCCTGGTGGTCTAGTGGCTAGGATTCGGCG
tRF-Glu-TTC-025,TCCCTGGTGGTCTAGTGGCTAGGATTCGGCGC
tRF-Glu-TTC-046,TCCCTGGTGGTCTAGTGGCTAGGATTCGGCA
tRF-Glu-TTC-047,TCCCTGGTGGTCTAGTGGCTAGGATTCGGCG
tRF-Glu-TTC-048,TCCCTGGTGGTCTAGTGGCTAGGATTCGGCGC
tRF-Glu-TTC-071,TCGACTCCCGGTATGGGAACCA
tRF-Glu-UUC-1-1,TCCATTGTCGTCCAGCGG
tRF-Gly-CCC-001,ATTCCCGGGCGGCGCACCA
tRF-Gly-CCC-001,ATTCCCGGGCGGCGCACCA
tRF-Gly-CCC-005,GCATTGGTGGTTCAATGGTAGAATTCTCGCCT
tRF-Gly-CCC-005,GCATTGGTGGTTCAATGGTAGAATTCTCGCCT
tRF-Gly-CCC-007,GCATTGGTGGTTCAATGGTAGAATTCTC
tRF-Gly-CCC-008,GCATTGGTGGTTCAGTGGTAGAA
tRF-Gly-CCC-008,GCATTGGTGGTTCAGTGGTAGAA
tRF-Gly-CCC-008,GCATTGGTGGTTCAGTGGTAGAA
tRF-Gly-CCC-009,GCATTGGTGGTTCAATGGTAGAATTCTCGC
tRF-Gly-CCC-009,GCATTGGTGGTTCAATGGTAGAATTCTCGC
tRF-Gly-CCC-010,GCATTGGTGGTTCAATGGTAGAATTCTCGCC
tRF-Gly-CCC-010,GCATTGGTGGTTCAATGGTAGAATTCTCGCC
tRF-Gly-CCC-010,GCATTGGTGGTTCAATGGTAGAATTCTCGCC
tRF-Gly-CCC-010,GCATTGGTGGTTCAATGGTAGAATTCTCGCC
tRF-Gly-CCC-011,GCATTGGTGGTTCAATGGTAGAATTCTCGCCT
tRF-Gly-CCC-011,GCATTGGTGGTTCAATGGTAGAATTCTCGCCT
tRF-Gly-CCC-017,GCGCCGCTGGTGTAGTGGTATC
tRF-Gly-CCC-018,GCGCCGCTGGTGTAGTGGTATCATGCAA
tRF-Gly-CCC-019,GCGCCGCTGGTGTAGTGGTATCATGCAAG
tRF-Gly-CCC-020,GCGCCGCTGGTGTAGTGGTATCATGCAAGA
tRF-Gly-CCC-036,GCGCCGCTGGTGTAGTGGTATCATGCAAGA
tRF-Gly-CCC-046,TTCCCGGGCGGCGCACCA
tRF-Gly-GC-031,GCATGGGTGGTTCAG
tRF-Gly-GCC-002,ATTCCCGGCCCATGCACCA
tRF-Gly-GCC-005,GAGTCCAGTCCCTTTT
tRF-Gly-GCC-008,GCATGGGTGGTTCAGT
tRF-Gly-GCC-009,GCATGGGTGGTTCAGTGGTAGA
tRF-Gly-GCC-009,GCATGGGTGGTTCAGTGGTAGA
tRF-Gly-GCC-009,GCATGGGTGGTTCAGTGGTAGA
tRF-Gly-GCC-010,GCATGGGTGGTTCAGTGGTAGAA
tRF-Gly-GCC-012,GCATGGGTGGTTCAGTGGTAGAATTCTC
tRF-Gly-GCC-012,GCATGGGTGGTTCAGTGGTAGAATTCTC
tRF-Gly-GCC-013,GCATGGGTGGTTCAGTGGTAGAATTCTCG
tRF-Gly-GCC-014,GCATGGGTGGTTCAGTGGTAGAATTCTCGC
tRF-Gly-GCC-014,GCATGGGTGGTTCAGTGGTAGAATTCTCGC
tRF-Gly-GCC-014,GCATGGGTGGTTCAGTGGTAGAATTCTCGC
tRF-Gly-GCC-015,GCATGGGTGGTTCAGTGGTAGAATTCTCGCC
tRF-Gly-GCC-015,GCATGGGTGGTTCAGTGGTAGAATTCTCGCC
tRF-Gly-GCC-016,GCATGGGTGGTTCAGTGGTAGAATTCTCGCCT
tRF-Gly-GCC-017,GCATTGGTGGTTCA
tRF-Gly-GCC-025,GCATTGGTGGTTCAGTGGTAGAATTCTCGC
tRF-Gly-GCC-038,TTCCCGGCCCATGCACCA
tRF-Gly-GCC-041,GAGTCCAGTCCCTTT
tRF-Gly-TCC-013,GCGTTGGTGGTATAGTGGTTAGCATAGCT
tRF-Gly-TCC-016,GCGTTGGTGGTATAGTGGTTAGCATAGCTGCC
tRF-Gly-TCC-017,GCGTTGGTGGTATAGTGGTGAGCATAGC
tRF-Gly-TCC-018,GCGTTGGTGGTATAGTGGTGAGCATAGCT
tRF-Gly-TCC-021,GCGTTGGTGGTATAGTGGTGAGCATAGCTGCC
tRF-Gly-TCC-022,TCCCGGCCAACGCACCA
tRF-Gly-TCC-034,ACTCCCTTAGTATAAACAATACAACTGAC
tRF-Gly-TCC-035,ACTCCCTTAGTATAAACAATACAACTGACT
tRF-Gly-TCC-036,AGGGTTAGTTTTTT
tRF-Gly-TCC-043,ATTAACCTACTTATT
tRF-Gly-TCC-047,GCGGGTTCAATTTT
tRF-Gly-TCC-048,GCGGGTTCAATTTTT
tRF-Gly-TCC-049,GCGTGCCCAACTTT
tRF-Gly-TCC-050,GCGTGCCCAACTTTT
tRF-Gly-TCC-060,TAGGGTTGCCTTTT
tRF-Gly-TCC-064,TGGTGTGCCTTTTT
tRF-Gly-TCC-065,TGGTGTGCCTTTTTT
tRF-His-AUG-1-1,GACAGTTTGGCCGAGTGGTCT
tRF-His-GTG-004,ATCCGAGTCACGGCACCA
tRF-His-GTG-006,GCCGTGATCGTATAGTGGTTAGTACTCTG
tRF-His-GTG-006,GCCGTGATCGTATAGTGGTTAGTACTCTG
tRF-His-GTG-009,GCCGTGATCGTATAGTGGTTAGTACTCTGCGT
tRF-His-GTG-009,GCCGTGATCGTATAGTGGTTAGTACTCTGCGT
tRF-His-GTG-012,GCCGTGATCGTATAGTGGTTAGTACTCT
tRF-His-GTG-013,GCCGTGATCGTATAGTGGTTAGTACTCTG
tRF-His-GTG-014,GCCGTGATCGTATAGTGGTTAGTACTCTGC
tRF-His-GTG-015,GCCGTGATCGTATAGTGGTTAGTACTCTGCG
tRF-His-GTG-016,GCCGTGATCGTATAGTGGTTAGTACTCTGCGT
tRF-His-GTG-017,TAGACTGTGAATCT
tRF-His-GTG-020,TCCGAGTCACGGCACCA
tRF-His-GTG-028,AATTCCTTATTTACCCCA
tRF-His-GTG-031,ATCAAATTCCTTATTTACCCCA
tRF-His-GTG-032,ATTCCTTATTTACCCCA
tRF-His-GTG-037,GGATTGAGGAGACTTT
tRF-His-GTG-038,GGATTGAGGAGACTTTT
tRF-His-GTG-041,GTGTAGTACTTCTGCCTGGCCATCTT
tRF-His-GTG-042,GTGTAGTACTTCTGCCTGGCCATCTTT
tRF-His-GTG-043,GTGTAGTACTTCTGCCTGGCCATCTTTT
tRF-His-GTG-044,GTGTAGTACTTCTGCCTGGCCATCTTTTG
tRF-His-GTG-047,TGACCGGTGATTTT
tRF-His-GTG-048,TGACCGGTGATTTTT
tRF-His-GTG-052,TTTGGTAGTACCGTCCCACTGCAGCTGTTT
tRF-His-GTG-053,TTTGGTAGTACCGTCCCACTGCAGCTGTTTT
tRF-His-GTG-054,TTTGGTAGTACCGTCCCACTGCAGCTGTTTTT
tRF-His-GUG-1-1,GCCGTGGAGACCTGGGCT
tRF-Ile-AAT-004,AGTATTCTCTGTGGCTTTT
tRF-Ile-AAT-027,GTAAGGTATCCAAATTTT
tRF-Ile-AAU-10-1,GGCCTATTAGCTCAGCTG
tRF-Ile-GAT-002,AGAAATATGTCTGAC
tRF-Ile-GAT-002,AGAAATATGTCTGAC
tRF-Ile-GAT-003,AGAAATATGTCTGACA
tRF-Ile-GAT-011,AGAAATATGTCTGACAAAAGAGTTACTTT
tRF-Ile-GAT-012,ATCCTCTTATTTCTACCA
tRF-Ile-UAU-1-1,CTCCCGTAGCTCAGTTGG
tRF-iMet-CAU-10-1,TAACCCACAGGTCCCAGGATCG
tRF-Leu-AAG-10-1,GATCAGATGGCCGAGTTGGT
tRF-Leu-AAG,GGTAGCGTGGCCGAGT
tRF-Leu-CAA-003,GTCAGGATGGCCGAGC
tRF-Leu-CAG-002,AATCCCACTTCTGACACCA
tRF-Leu-CAG-011,GTCAGGATGGCCGAGC
tRF-Leu-CAG-012,GTCAGGATGGCCGAGCGGTCTA
tRF-Leu-CAG-013,GTCAGGATGGCCGAGCGGTCTAA
tRF-Leu-CAG-014,GTCAGGATGGCCGAGCGGTCTAAG
tRF-Leu-CAG-023,TCGAATCCCACTTCTGACACCA
tRF-Leu-CAG-028,GTCAGGATGGCCGAGCGGTCTAAGGCGCTGC
tRF-Leu-TAA-003,AAGACTTAAAACCT
tRF-Leu-TAA-005,AATCCTCTCCCTAATACCA
tRF-Leu-TAA-011,ACCAGAATGGCCGAGTGGTTAAGG
tRF-Leu-TAA-017,ACCCCACTCCTGGTACCA
tRF-Leu-TAA-019,AGACTTAAAACCTTG
tRF-Leu-TAA-021,ATTAGGGTGGCAGA
tRF-Leu-TAA-022,ATTAGGGTGGCAGAGC
tRF-Leu-TAA-023,ATTAGGGTGGCAGAGCCAGGTA
tRF-Leu-TAA-024,ATTAGGGTGGCAGAGCCAGGTAA
tRF-Leu-TAA-025,ATTAGGGTGGCAGAGCCAGGTAAT
tRF-Leu-TAA-026,ATTAGGGTGGCAGAGCCAGGTAATTGCGT
tRF-Leu-TAA-027,ATTAGGGTGGCAGAGCCAGGTAATTGCGTA
tRF-Leu-TAA-045,ATTAGGGTGGCAGAGCCAGGTAATTGCG
tRF-Leu-TAA-046,ATTAGGGTGGCAGAGCCAGGTAATTGCGTAA
tRF-Leu-TAA-047,ATTAGGGTGGCAGAGCCAGGTAATTGCGTAAG
tRF-Leu-TAG-014,TCCCACCGCTGCCACCA
tRF-Leu-TAG,GGTAGTGTGGCCGAGC
tRF-LeuAAG/TAG,GGTAGTGTGGCCGAGC
tRF-Lys-CTT-004,GCCCGGCTAGCTCAGTCGGTAGAGCATG
tRF-Lys-CTT-005,GCCCGGCTAGCTCAGTCGGTAGAGCATGA
tRF-Lys-CTT-006,GCCCGGCTAGCTCAGTCGGTAGAGCATGAG
tRF-Lys-CTT-007,GCCCGGCTAGCTCAGTCGGTAGAGCATGAGA
tRF-Lys-CTT-007,GCCCGGCTAGCTCAGTCGGTAGAGCATGAGA
tRF-Lys-CTT-020,GCAACTGGTCGTTTTA
tRF-Lys-CTT-022,GCCCGGCTAGCTCAGTCGGTAGAGCATGAGA
tRF-Lys-CTT-023,GCCCGGCTAGCTCAGTCGGTAGAGCATGAGAC
tRF-Lys-CTT-024,GCCCGGCTAGCTCAGTCGGTAGAGCATGG
tRF-Lys-CTT-026,GCCCGGCTAGCTCAGTCGGTAGAGCATGGGA
tRF-Lys-CTT-027,GCCCAGCTAGCTCAGTCGGTAGAGCATGAGAC
tRF-Lys-CTT-031,GCCCGGCTAGTTCAGTCGGTAGAGCATGAGA
tRF-Lys-CTT-032,GCCCGGCTAGTTCAGTCGGTAGAGCATGAGAC
tRF-Lys-CTT-037,GCCCGGCTAGCTCAGTCGGTAGAGCATGG
tRF-Lys-CUU-1-1,GCCCGTCTAGCTCAGTCGG
tRF-Lys-CUU-10-1,CCTTGTGGTCGTGGGTTC
tRF-Lys-CUU-12-1,CCCGTCTAGCTCAGTTGG
tRF-Lys,GCCCGGATAGCTCAGTCGGTAGAGCATCAGAC
tRF-Lys-TTT-009,GCCCGGATAGCTCAGTCGGTAGAGCATCAG
tRF-Lys-TTT-010,GCCCGGATAGCTCAGTCGGTAGAGCATCAGA
tRF-Lys-TTT-011,GCCCGGATAGCTCAGTCGGTAGAGCATCAGAC
tRF-Lys-TTT-015,AAATCTCCACAATGACCA
tRF-Lys-TTT-016,ACCTCTTTACAGTGACCA
tRF-Lys-TTT-017,AATCTCCACAATGACCA
tRF-Lys-TTT-024,CATTGCGAAGCTTAGAGCGTTA
tRF-Lys-TTT-025,CATTGCGAAGCTTAGAGCGTTAA
tRF-Lys-TTT-026,CATTGCGAAGCTTAGAGCGTTAAC
tRF-Lys-TTT-029,CCTCTTTACAGTGACCA
tRF-Lys-UUU-1-1,GCCGTCTTAGCTCAGTTGG
tRF-Lys-UUU-2-1,CCGACCTAGCTCAGTGGT
tRF-Lys-UUU-3-1,GCCGTCCTAGCTCAGTTGG
tRF-Met-CAT-004,AACCCTTCCCGTACTACCA
tRF-Met-CAT-008,AGCAGAGTGGCGCAGCGGAAGCGTGCTGGG
tRF-Met-CAT-012,AGTAAGGTCAGCTA
tRF-Met-CAT-013,AGTAAGGTCAGCTAAC
tRF-Met-CAT-016,AGTAAGGTCAGCTAACTAAGCTATCGGGC
tRF-Met-CAT-017,AGTAAGGTCAGCTAACTAAGCTATCGGGCC
tRF-Met-CAT-029,TAAACCCTTCCCGTACTACCA
tRF-Met-CAT-051,AGTAAGGTCAGCTAACTAAGCTATCGGG
tRF-Met-CAT-052,ATAAACCCAATCACCCTAATCATT
tRF-Met-CAT-054,ATAAACCCAATCACCCTAATCATTATTT
tRF-Met-CAT-056,ATAAACCCAATCACCCTAATCATTATTTACTTT
tRF-Met-CAU-10-1,TCCTGAGGTCGAGAGTTC
tRF-Phe-GAA-001,CCCGGGTTTCGGCACCA
tRF-Phe-GAA-020,AAAATCCCATAAACACCA
tRF-Phe-GAA-022,CAAAAATCCCATAAACACCA
tRF-Phe-GAA-028,GTTAATGTAGCTTATA
tRF-Phe-GAA-036,TCAAAAATCCCATAAACACCA
tRF-Phe-GAA-1-1,GCGGGGATAGCTCAGTTG
tRF-Phe-GAA-10-1,TCTGAAGGTCGCGTGTTCG
tRF-Pro-AGG-004,AATCCCGGACGAGCCCCCA
tRF-Pro-AGG-005,GGCTCGTTGGTCTAGGGGTATGATTCTCGCT
tRF-Pro-AGG-006,GGCTCGTTGGTCTAGGGGTATGATTCTCGCTT
tRF-Pro-AGG-020,GGCTCGTTGGTCTAGGGGTATGATTCTCGCT
tRF-Pro-AGG-021,GGCTCGTTGGTCTAGGGGTATGATTCTCGCTT
tRF-Pro-AGG-026,TCCCGGACGAGCCCCCA
tRF-Pro-AGG-10-1,GCGAGAGGTCCCGAGTTC
tRF-Pro-CGG-1-1,GCGAGAGGTCCCGAGTTCG
tRF-Pro-CGG,GAAGCGAGAATCATACCCCTAGACCAACGAGCC
tRF-Pro-TGG-001,AAAGACTTTTTCTCTGACCA
tRF-Pro-TGG-002,AAGACTTTTTCTCTGACCA
tRF-Pro-TGG-009,TAAAGACTTTTTCTCTGACCA
tRF-Pro-TGG-009,TAAAGACTTTTTCTCTGACCA
tRF-Pro-TGG-010,TCGTGGCTACTGTTTT
tRF-Pro-TGG-016,CAGAGAATAGTTTAAATTAGAATC
tRF-Pro-TGG-017,CAAGAAGTAGTTTAAATAGAATATCAGCT
tRF-Pro-TGG-023,GGTAGTTCCTTCTTCTTGACCA
tRF-Pro-TGG-024,GTAGTTCCTTCTTCTTGACCA
tRF-Pro-TGG-025,TTGTCCTGAGAAGATTGAA
tRF-Ser-AGA-001,AACTGATCTGTTTT
tRF-Ser-AGA-012,GTAGTCGTGGCCGA
tRF-Ser-AGA-013,GTAGTCGTGGCCGAG
tRF-Ser-AGA-016,GTAGTCGTGGCCGAGTGGTTAAG
tRF-Ser-AGA-016,GTAGTCGTGGCCGAGTGGTTAAG
tRF-Ser-AGA-017,GTAGTCGTGGCCGAGTGGTTAAGG
tRF-Ser-AGA-018,TCCTGCCGACTACGCCA
tRF-Ser-AGA-023,AACTGATCTGTTTTAACTTAT
tRF-Ser-AGA-027,GTAAGAGAATTGTTT
tRF-Ser-AGA-028,GTAAGAGAATTGTTTT
tRF-Ser-AGA-029,GTAAGAGAATTGTTTTT
tRF-Ser-CGA-014,GTAGCTCTTCATTT
tRF-Ser-CGA-015,GTAGCTCTTCATTTT
tRF-Ser-CGA-016,GTAGCTCTTCATTTTT
tRF-Ser-GCT-001,AAGAAAGTATGCAAGA
tRF-Ser-GCT-005,ATCCCACCCTCGTCGCCA
tRF-Ser-GCT-033,AACTGCTAATTCAT
tRF-Ser-GCT-034,AAGAAAGTATGCAA
tRF-Ser-GCT-035,AAGAAAGTATGCAAG
tRF-Ser-GCT-035,AAGAAAGTATGCAAG
tRF-Ser-GCT-045,ACGAGTTGTGCTCACTTGTGGGCTTGAGGTTTT
tRF-Ser-GCT-048,AGAACTGCTAATTCA
tRF-Ser-GCT-049,AGAACTGCTAATTCAT
tRF-Ser-GCT-051,GAACTGCTAATTCAT
tRF-Ser-GCT-057,TTGGTACCTGTTTCCTGTT
tRF-Ser-GCT-058,TTGGTACCTGTTTCCTGTTT
tRF-Ser-GCT-113,GAGAAAGCTCACAAGAACTGCTAACTCATGC
tRF-Ser-TGA-001,GAAAAAGTCATGGAGGCCATGGGG
tRF-Ser-TGA-002,GAAAAAGTCATGGAGGCCATGGGGTTGG
TRF-Ser-TGA-005,GAAGCGGGTGCTCTTAT
tRF-Ser-TGA-010,GAAGCGGGTGCTCTTATTTTTT
tRF-Ser-TGA-013,AACCCTGCTCGCTGCGCCA
tRF-Ser-TGA-036,GAGAAAGACATAATG
tRF-Ser-TGA-037,GAGAAAGACATAATGG
tRF-Thr-AGT-003,AATCCCAGCGGTGCCTCCA
tRF-Thr-AGT-003,AATCCCAGCGGTGCCTCCA
tRF-Thr-AGT-007,ATCCCAGCGGTGCCTCCG
tRF-Thr-AGT-022,TCGAATCCCAGCGGTGCCTCCA
tRF-Thr-AGT-031,TTAGTGCTGGTTTT
tRF-Thr-AGT-034,TTAGTGCTGGTTTTGTTT
tRF-Thr-CGT-005,CCCCGTCCGTGCCTCCA
tRF-Thr-CGT-019,GCAGCTGCTTTCTTT
tRF-Thr-CGT-019,GCAGCTGCTTTCTTT
tRF-Thr-CGT-028,GCGTTTGGGAACGATGTTGTTGCCGTGTGTTTT
tRF-Thr-CGU-1-1,CCTCCGTAGCATAGTGGT
tRF-Thr-TGT-017,GGCTCCATAGCTCAGGGGTTAGAGCACTGGTC
tRF-Thr-TGT-027,AAGTCAACGTAGACTTTT
tRF-Thr-TGT-034,AGTCAATCTTCTCAGGACACCA
tRF-Thr-TGT-044,GTCAATCTTCTCAGGACACCA
tRF-Thr-TGT-054,GTCTAGCTGCTACCTTT
tRF-Thr-TGT-055,GTCTAGCTGCTACCTTTT
tRF-Thr-TGT-056,GTCTAGCTGCTACCTTTTT
tRF-Trp-CCA-007,ATCACGTCGGGGTCACCA
tRF-Trp-CCA-1-1,TCAGAAGGTTGCGTGTTCG
tRF-Trp-TCA-001,CAATACTTAATTTCTGCCA
tRF-Trp-TCA-001,CAATACTTAATTTCTGCCA
tRF-Trp-TCA-002,AATACTTAATTTCTGCCA
tRF-Trp-TCA-003,AAGTTTAACTTCTGCCA
tRF-Trp-TCA-004,ACAAGTTTAACTTCTGCCA
tRF-Trp-TCA-005,AGAAGTTTAGGATA
tRF-Trp-TCA-006,AGAAGTTTAGGATAT
tRF-Trp-TCA-008,CAAACAAGTTTAACTTCTGCCA
tRF-Trp-TCA-009,CAAGTTTAACTTCTGCCA
tRF-Trp-TCA-010,AGAAGTTTAGGATATA
tRF-Trp-TCA-014,AGAAGTTTAGGATATACAGTCCAAGAGC
tRF-Tyr-AUA-1-1,CCGACCTTAGCTCAGTTGG
tRF-Tyr-GTA-010,ATCCGGCTCGAAGGACCA
tRF-Tyr-GTA-011,ATCCGGCTCGGAGGACCA
tRF-Tyr-GTA-011,ATCCGGCTCGGAGGACCA
tRF-Tyr-GTA-016,GTAGCCTGTATTTT
tRF-Tyr-GTA-019,TCCGGCTCGAAGGACCA
tRF-Tyr-GTA-021,TTCCGGCTCGAAGGACCA
tRF-Val-AAC-007,GTTTCCGTAGTGTAGTGGTTATCACATTC
tRF-Val-AAC-009,GTTTCCGTAGTGTAGTGGTTATCACATTCGC
tRF-Val-AAC-010,GTTTCCGTAGTGTAGTGGTTATCACATTCGCC
tRF-Val-AAC-012,GTTTCCGTAGTGTAGTGGTTATCA
tRF-Val-AAC-014,GTTTCCGTAGTGTAGTGGTTATCACGTTC
tRF-Val-AAC-023,AAGAGAGTCGCTTTT
tRF-Val-AAC-1-1,ACTGAAGGTCTCCGGTTCG
tRF-Val-AAC,GTTTCCGTAGTGTAGT
tRF-Val-CAC-005,GCTTCTGTAGTGTAGTGGTTATC
TRF-Val-CAC-010,GCTTCTGTAGTGTAGTGGTTATCACGTTCGC
TRF-Val-CAC-011,GCTTCTGTAGTGTAGTGGTTATCACGTTCGCC
tRF-Val-CAC-018,AAGTGGTTCCCGTTTTT
tRF-Val-CAC-018,AAGTGGTTCCCGTTTTT
tRF-Val-CAC-020,GTTTCCGTAGTGTAGTGGTTATCACGCTC
tRF-Val-CAC-022,GTTTCCGTAGTGTAGTGGTTATCACGCTCGC
tRF-Val-CAC-023,GTTTCCGTAGTGTAGTGGTTATCACGCTCGCC
tRF-Val-CAC-027,GTTTCCGTAGTGTAGTGGTTATCACGTTCGC
tRF-Val-CAC-028,GTTTCCGTAGTGTAGTGGTTATCACGTTCGCC
tRF-Val-CAC-048,GCTACTTCCTACTTT
tRF-Val-CAC-049,GCTACTTCCTACTTTT
tRF-Val-CAC-050,GCTACTTCCTACTTTTT
tRF-Val-CAC-10-1,GTCTGGGTGGTGTAGTTGGTTAT
tRF-Val-TAC-005,CACAGTGTAGCTTAAT
tRF-Val-TAC-005,CACAGTGTAGCTTAAT
tRF-Val-TAC-012,GCCCCAGTGGAACCACCA
tRF-Val-TAC-014,GGTTCCATAGTGTAG
tRF-Val-TAC-020,GGTTCCATAGTGTAGCGGTTATCACGTCTGC
tRF-Val-TAC-026,AAAAATGAACACTTTGACCA
tRF-Val-TAC-030,ATAAAAATGAACACTTTGACCA
tRF-Val-TAC-042,TAAAAATGAACACTTTGACCA
tRF3008A,ACCGGGCGGAAACACCA
tRF3E,AGGCGGCCCGGGTTCGACTCCCGGTGTGGGAA
tRF5-Glu-CTC,TCCCTGGTGGTCTAGTGGTTAGGATTCGGCGCT
tRF5-GluCTC,TCCCTGGTGGTCTAGTGGTTAGGATTCGGCGCT
tRF5-GluCTC,TCCCTGGTGGTCTAGTGGTTAGGATTCGGCGCT
tRF5-GluTTC-2,TCCCACATGGTCTAGCGGTTAGGATTCCTGGTT
tRF5-GluTTC-3,TCCCTGGTGGTCTAGTGGCTAGGATTCGGCGCT
tRF5-GlyGCC,GCATTGGTGGTTCAGTGGTAGAATTCTCGCCT
tRF5-HisGTG-1,GCCGTGATCGTATAGTGGTTAGTACTCTGCGTT
tRF5-Leu-CAG,GTCAGGATGGCCGAGCGGTCTAAGGCTGCGTT
tRF5-LeuCAG,GTCAGGATGGCCGAGCGGTCTAAGGCTGCGTT
tRF5-LysCTT-1,GCCCGGCTAGCTCAGTCGGTAGAGCATGGGACTCT
tRF5-LysTTT,GCCCGGATAGCTCAGTCGGTAGAGCATCAGACT
tRF5-ValCAC-1,GTTTCCGTAGTGTAGTGGTTATCACGTTCGCCT
tRF5-ValCAC-2,GCTTCTGTAGTGTAGTGGTTATCACGTTCGCCT
tRFdb-5024a,GTTAAGATGGCAGA
tRNA-Ala-AGC-6-1,GGGGGTATAGCTCAGCGGTAGAGCGCGTGCTTAGCATGCACGAGGTCCTGGGTTCAATCCCCAATACCTCCA
tRNA-Arg-CCT-1-1,GCCCCAGTGGCCTAATGGATAAGGCACTGGCCTCCTAAGCCAGGGATTGTGGGTTCGAGTCCCACCTGGGGTA
tRNA-Arg-CCT-3-1,GCCCCGGTGGCCTAATGGATAAGGCATTGGCCTCCTAAGCCAGGGATTGTGGGTTCGAGTCCCACCCGGGGTA
tRNA-Arg-CCT-4-1,GCCCCAGTGGCCTAATGGATAAGGCATTGGCCTCCTAAGCCAGGGATTGTGGGTTCGAGTCCCATCTGGGGTG
tRNA-Arg-CCT-5-1,GCCCCAGTGGCCTGATGGATAAGGTACTGGCCTCCTAAGCCAGGGATTGTGGGTTCGAGTTCCACCTGGGGTA
tRNA-Arg-TCT-1-1,GGCTCCGTGGCGCAATGGATAGCGCATTGGACTTCTAATTCAAAGGTTCCGGGTTCGAGTCCCGGCGGAGTCG
tRNA-Asp-GTC-2-1,TCCTCGTTAGTATAGTGGTGAGTATCCCCGCCTGTCACGCGGGAGACCGGGGTTCGATTCCCCGACGGGGAG
tRNA-Asp-GTC-3-1,TCCTCGTTAGTATAGTGGTGAGTGTCCCCGTCTGTCACGCGGGAGACCGGGGTTCGATTCCCCGACGGGGAG
tRNA-Gln-CTG-1-1,GGTTCCATGGTGTAATGGTTAGCACTCTGGACTCTGAATCCAGCGATCCGAGTTCAAATCTCGGTGGAACCT
tRNA-Gln-CTG-1-2,GGTTCCATGGTGTAATGGTTAGCACTCTGGACTCTGAATCCAGCGATCCGAGTTCAAATCTCGGTGGAACCT
tRNA-Gln-CTG-1-3,GGTTCCATGGTGTAATGGTTAGCACTCTGGACTCTGAATCCAGCGATCCGAGTTCAAATCTCGGTGGAACCT
tRNA-Gln-CTG-1-5,GGTTCCATGGTGTAATGGTTAGCACTCTGGACTCTGAATCCAGCGATCCGAGTTCAAATCTCGGTGGAACCT
tRNA-Gln-CTG-2-1,GGTTCCATGGTGTAATGGTTAGCACTCTGGACTCTGAATCCAGCGATCCGAGTTCAAGTCTCGGTGGAACCT
tRNA-Gln-CTG-5-1,GGTTCCATGGTGTAATGGTTAGCACTCTGGACTCTGAATCCGGTAATCCGAGTTCAAATCTCGGTGGAACCT
tRNA-Gln-TTG-2,GGTCCCATGGTGTAATGGTTAGCACTCTGGACTTTGAATCCAGCAATCCGAGTTCGAATCTCGGTGGGACCT
tRNA-Glu-CTC,GGCCCTGTGGTCTAGTGGTTAGGATTC
tRNA-Glu-TTC-2-1,TCCCACATGGTCTAGCGGTTAGGATTCCTGGTTTTCACCCAGGCGGCCCGGGTTCGACTCCCGGTGTGGGAA
tRNA-Glu-TTC-2-2,TCCCACATGGTCTAGCGGTTAGGATTCCTGGTTTTCACCCAGGCGGCCCGGGTTCGACTCCCGGTGTGGGAA
tRNA-Glu-TTC-4,TCCCTGGTGGTCTAGTGGCTAGGATTCGGCGCTTTCACCGCCGCGGCCCGGGTTCGATTCCCGGTCAGGGAA
tRNA-Glu-TTC-9-1,GCAATGGTGGTTCAGTGGTAGAATTCTCGCCTTTCACACAGGAGACCCGGGTTCAATTCCTGACCCATGTA
tRNA-Gly-CCC-2,GCGCCGCTGGTGTAGTGGTATCATGCAAGATTCCCATTCTTGCGACCCGGGTTCGATTCCCGGGCGGCGCA
tRNA-Gly-CCC-6-1,GCACTGGTGGTTCAGTGGTAGAATTCTCGCCTCCCACGCGGGAGACCCGGGTTCAATTCCCGGTCAAGATA
tRNA-Gly-GCC-1-1-tRF3,GCATGGGTGGTTCAGTGGTAGAATTCTCGCCTGCCACGCGGGAGGCCCGGGTTCGATTCCCGGCCCATGCA
tRNA-Gly-GCC-1-2-tRF3,GCATGGGTGGTTCAGTGGTAGAATTCTCGCCTGCCACGCGGGAGGCCCGGGTTCGATTCCCGGCCCATGCA
tRNA-Gly-GCC-1-3-tRF3,GCATGGGTGGTTCAGTGGTAGAATTCTCGCCTGCCACGCGGGAGGCCCGGGTTCGATTCCCGGCCCATGCA
tRNA-Gly-GCC-1-4-tRF3,GCATGGGTGGTTCAGTGGTAGAATTCTCGCCTGCCACGCGGGAGGCCCGGGTTCGATTCCCGGCCCATGCA
tRNA-Gly-GCC-1-5-tRF5,GCATGGGTGGTTCAGTGGTAGAATTCTCGCCTGCCACGCGGGAGGCCCGGGTTCGATTCCCGGCCCATGCA
tRNA-Gly-TCC-2,GCGTTGGTGGTATAGTGGTGAGCATAGCTGCCTTCCAAGCAGTTGACCCGGGTTCGATTCCCGGCCAACGCA
tRNA-His-GTG-1-1,GCCGTGATCGTATAGTGGTTAGTACTCTGCGTTGTGGCCGCAGCAACCTCGGTTCGAATCCGAGTCACGGCA
tRNA-His-GTG-1-2,GCCGTGATCGTATAGTGGTTAGTACTCTGCGTTGTGGCCGCAGCAACCTCGGTTCGAATCCGAGTCACGGCA
tRNA-His-GTG-1-3,GCCGTGATCGTATAGTGGTTAGTACTCTGCGTTGTGGCCGCAGCAACCTCGGTTCGAATCCGAGTCACGGCA
tRNA-His-GTG-1-4,GCCGTGATCGTATAGTGGTTAGTACTCTGCGTTGTGGCCGCAGCAACCTCGGTTCGAATCCGAGTCACGGCA
tRNA-His-GTG-1-5,GCCGTGATCGTATAGTGGTTAGTACTCTGCGTTGTGGCCGCAGCAACCTCGGTTCGAATCCGAGTCACGGCA
tRNA-His-GTG-1-5,GCCGTGATCGTATAGTGGTTAGTACTCTGCGTTGTGGCCGCAGCAACCTCGGTTCGAATCCGAGTCACGGCA
tRNA-His-GTG-1-6,GCCGTGATCGTATAGTGGTTAGTACTCTGCGTTGTGGCCGCAGCAACCTCGGTTCGAATCCGAGTCACGGCA
tRNA-His-GTG-1-7,GCCGTGATCGTATAGTGGTTAGTACTCTGCGTTGTGGCCGCAGCAACCTCGGTTCGAATCCGAGTCACGGCA
tRNA-His-GTG-1-8,GCCGTGATCGTATAGTGGTTAGTACTCTGCGTTGTGGCCGCAGCAACCTCGGTTCGAATCCGAGTCACGGCA
tRNA-His-GTG-1-9,GCCGTGATCGTATAGTGGTTAGTACTCTGCGTTGTGGCCGCAGCAACCTCGGTTCGAATCCGAGTCACGGCA
tRNA-Ile-AAT-9-1,GGCTGGTTAGTTCAGTTGGTTAGAGCGTGGTGCTAATAACGCCAAGGTCGTGGGTTCGATCCCCATATCGGCCA
tRNA-iMet-CAT-1-7-tRF5,AGCAGAGTGGCGCAGCGGAAGCGTGCTGGGCCCATAACCCAGAGGTCGATGGATCGAAACCATCCTCTGCTA
tRNA-Leu-CAG-1-6-tRF5,GTCAGGATGGCCGAGCGGTCTAAGGCGCTGCGTTCAGGTCGCAGTCTCCCCTGGAGGCGTGGGTTCGAATCCCACTCCTGACA
tRNA-Leu-CAG-2-2-tRF5,GTCAGGATGGCCGAGCGGTCTAAGGCGCTGCGTTCAGGTCGCAGTCTCCCCTGGAGGCGTGGGTTCGAATCCCACTTCTGACA
tRNA-Leu-CAG-2,GTCAGGATGGCCGAGCGGTCTAAGGCGCTGCGTTCAGGTCGCAGTCTCCCCTGGAGGCGTGGGTTCGAATCCCACTTCTGACA
tRNA-Lys-CTT-1-1,GCCCGGCTAGCTCAGTCGGTAGAGCATGGGACTCTTAATCCCAGGGTCGTGGGTTCGAGCCCCACGTTGGGCG
tRNA-Lys-CTT-4-1,GCCCGGCTAGCTCAGTCGGTAGAGCATGGGACTCTTAATCTCAGGGTCGTGGGTTCGAGCCCCACGTTGGGCG
tRNA-Pro-AGG-2-6-tRF5,GGCTCGTTGGTCTAGGGGTATGATTCTCGCTTAGGGTGCGAGAGGTCCCGGGTTCAAATCCCGGACGAGCCC
tRNA-Pro-AGG-3-1-tRF3,GGCTCGTTGGTCTAGGGGTGTGGTTCTCGCTTAGGGCGGGAGACCCAAGAGGTCCCGGGTTCAAATCCCGGACGAGCCC
tRNA-Pro-TGG-1-1-tRF3,GGCTCGTTGGTCTAGTGGTATGATTCTCGCTTTGGGTGCGAGAGGTCCCGGGTTCAAATCCCGGACGAGCCC
tRNA-Pro-TGG-2-1-tRF5,GGCTCGTTGGTCTAGGGGTATGATTCTCGGTTTGGGTCCGAGAGGTCCCGGGTTCAAATCCCGGACGAGCCC
tRNA-SeC-TCA-1-1,GCCCGGATGATCCTCAGTGGTCTGGGGTGCAGGCTTCAAACCTGTAGCTGTCTAGCGACAGAGTGGTTCAATTCCACCTTTCGGGCG
tRNA-SeC-TCA-2-1,GCTCGGATGATCCTCAGTGGTCTGGGGTGCAGGCTTCAAACCTGTAGCTGTCTAGTGACAGAGTGGTTCAATTCCACCTTTGTA
tRNA-Ser-GCT-4-2,GACGAGGTGGCCGAGTGGTTAAGGCGATGGACTGCTAATCCATTGTGCTCTGCACGCGTGGGTTCGAATCCCATCCTCGTCG
tRNA-Ser-TGA-1-1-tRF3,GCAGCGATGGCCGAGTGGTTAAGGCGTTGGACTTGAAATCCAATGGGGTCTCCCCGCGCAGGTTCGAACCCTGCTCGCTGCG
tRNA-Trp-CCA-3-2,GACCTCGTGGCGCAACGGTAGCGCGTCTGACTCCAGATCAGAAGGTTGCGTGTTCAAATCACGTCGGGGTCA
tRNA-Trp-CCA-3-2-tRF5,GACCTCGTGGCGCAACGGTAGCGCGTCTGACTCCAGATCAGAAGGTTGCGTGTTCAAATCACGTCGGGGTCA
tRNA-Trp-CCA-5-1,GACCTCGTGGCGCAACGGCAGCGCGTCTGACTCCAGATCAGAAGGTTGCGTGTTCAAATCACGTCGGGGTCA
tRNA-Tyr-GTA-2-1,CCTTCGATAGCTCAGTTGGTAGAGCGGAGGACTGTAGATCCTTAGGTCGCTGGTTCGATTCCGGCTCGAAGGA
tRNA-Tyr-GTA-2-1-tRF3,CCTTCGATAGCTCAGTTGGTAGAGCGGAGGACTGTAGATCCTTAGGTCGCTGGTTCGATTCCGGCTCGAAGGA
tRNA-Val-AAC-1-1,GTTTCCGTAGTGTAGTGGTTATCACGTTCGCCTAACACGCGAAAGGTCCCCGGTTCGAAACCGGGCGGAAACA
tRNA-Val-AAC-1-2,GTTTCCGTAGTGTAGTGGTTATCACGTTCGCCTAACACGCGAAAGGTCCCCGGTTCGAAACCGGGCGGAAACA
tRNA-Val-AAC-1-3,GTTTCCGTAGTGTAGTGGTTATCACGTTCGCCTAACACGCGAAAGGTCCCCGGTTCGAAACCGGGCGGAAACA
tRNA-Val-AAC-1-4,GTTTCCGTAGTGTAGTGGTTATCACGTTCGCCTAACACGCGAAAGGTCCCCGGTTCGAAACCGGGCGGAAACA
tRNA-Val-AAC-1-5,GTTTCCGTAGTGTAGTGGTTATCACGTTCGCCTAACACGCGAAAGGTCCCCGGTTCGAAACCGGGCGGAAACA
tRNA-Val-AAC-2,GTTTCCGTAGTGTAGTGGTCATCACGTTCGCCTAACACGCGAAAGGTCCCCGGTTCGAAACCGGGCGGAAACA
tRNA-Val-AAC-3-1,GTTTCCGTAGTGTAGTGGTTATCACGTTCGCCTAACACGCGAAAGGTCCCTGGATCAAAACCAGGCGGAAACA
tRNA-Val-AAC-4-1,GTTTCCGTAGTGTAGTGGTTATCACGTTCGCCTAACACGCGAAAGGTCCGCGGTTCGAAACCGGGCGGAAACA
tRNA-Val-CAC-1-1,GTTTCCGTAGTGTAGTGGTTATCACGTTCGCCTCACACGCGAAAGGTCCCCGGTTCGAAACCGGGCGGAAACA
tRNA-Val-CAC-1-2,GTTTCCGTAGTGTAGTGGTTATCACGTTCGCCTCACACGCGAAAGGTCCCCGGTTCGAAACCGGGCGGAAACA
tRNA-Val-CAC-1-3,GTTTCCGTAGTGTAGTGGTTATCACGTTCGCCTCACACGCGAAAGGTCCCCGGTTCGAAACCGGGCGGAAACA
tRNA-Val-CAC-1-4,GTTTCCGTAGTGTAGTGGTTATCACGTTCGCCTCACACGCGAAAGGTCCCCGGTTCGAAACCGGGCGGAAACA
tRNA-Val-CAC-1-5,GTTTCCGTAGTGTAGTGGTTATCACGTTCGCCTCACACGCGAAAGGTCCCCGGTTCGAAACCGGGCGGAAACA
tRNA-Val-CAC-1-6,GTTTCCGTAGTGTAGTGGTTATCACGTTCGCCTCACACGCGAAAGGTCCCCGGTTCGAAACCGGGCGGAAACA
tRNA-Val-CAC-2-1,GCTTCTGTAGTGTAGTGGTTATCACGTTCGCCTCACACGCGAAAGGTCCCCGGTTCGAAACCGGGCAGAAGCA
tRNA-Val-CAC-4-1,GTTTCCGTAGTGTAGTGGTTATCACGTTCGCCTCACACGCGAAAGGTCCCCGGTTCGAAACTGGGCGGAAACA
tRNA-Val-CAC-5-1,GTTTCCGTAGTGTAGTGGTTATCACGTTCGCCTCACACGCGTAAAGGTCCCCGGTTCGAAACCGGGCGGAAACA
tRNA-Val-TAC-1-1,GGTTCCATAGTGTAGTGGTTATCACGTCTGCTTTACACGCAGAAGGTCCTGGGTTCGAGCCCCAGTGGAACCA
tRNA-Val-TAC-1-1-tRF5,GGTTCCATAGTGTAGTGGTTATCACGTCTGCTTTACACGCAGAAGGTCCTGGGTTCGAGCCCCAGTGGAACCA
tRNA-Val-TAC-1,GGTTCCATAGTGTAGTGGTTATCACGTCTGCTTTACACGCAGAAGGTCCTGGGTTCGAGCCCCAGTGGAACCA
tRNA-Val-TAC-2-1,GGTTCCATAGTGTAGCGGTTATCACGTCTGCTTTACACGCAGAAGGTCCTGGGTTCGAGCCCCAGTGGAACCA
tRNA-Val-TAC-2-1-tRF5,GGTTCCATAGTGTAGCGGTTATCACGTCTG
tRNA-Val-TAC-2,GGTTCCATAGTGTAGCGGTTATCACGTCTGCTTTACACGCAGAAGGTCCTGGGTTCGAGCCCCAGTGGAACCA
tRNAAla,GGGGCTATAGCTCAGAAGGGAGAGCGCTTGCATGGCAAGCAAGAGGTCAGCGGTTCGATCCCGCTTAGCTCCACCA
tRNAAla,GGGGCTATAGCTCAGAAGGGAGAGCGCTTGCATGGCAAGCAAGAGGTCAGCGGTTCGATCCCGCTTAGCTCCACCA
tRNAAla,GGGGCTATAGCTCAGAAGGGAGAGCGCTTGCATGGCAAGCAAGAGGTCAGCGGTTCGATCCCGCTTAGCTCCACCA
tRNAAla,GGGGCTATAGCTCAGAAGGGAGAGCGCTTGCATGGCAAGCAAGAGGTCAGCGGTTCGATCCCGCTTAGCTCCACCA
tRNAThr,GCCGGCTTAGCTCAGTTGGTAGAGCAACCGCCTTGTAAGCGGTAGGTCATCTGTTCGAGTCAGATAGTCGGCACCA
tRNAThr,GCCGGCTTAGCTCAGTTGGTAGAGCAACCGCCTTGTAAGCGGTAGGTCATCTGTTCGAGTCAGATAGTCGGCACCA
tRNAThr CGT,GCCGCAGTAACTCAGTTGGTAGAGTAGCTGATTCGTAATCAGCAAGTCGGAGGTTCGACTCCTCTCTGCGGCACCA
ts-34,TGGTGTGGTCTGTTGTTT
ts-49,GATATCCAACCTTCAGCTATAGGGTGGAGACTTT
ts-58,AATCAGCCGACGTTTGCTTT
tsRNA-1018,GTCGTATCCAGTGCGTGTCGTGGAGTCGGCAATTGCACTGGATACGACAAAACAG
tsRNA-1020,GTCGTATCCAGTGCGTGTCGTGGAGTCGGCAATTGCACTGGATACGACAAAACAA
tsRNA-1020,GAGAGCGCTCGGTTTTT
tsRNA-1026,TTCCGTGGGTTTGTTTT
tsRNA-26576,TCGAGAGGGGCTGTGCTCGCAAGGTTTCTTT
tsRNA-3025a,TTCCCCGACGGGGAGCCA
tsRNA-3025b,GTCGTATCCAGTGCGTGTCGTGGAGTCGGCAATTGCACTGGATACGACTGGCGTA
tsRNA-3027a,TCCCGGCCAATGCACCA
tsRNA-3027b,TCGATTCCCGGCCAATGCACCA
tsRNA-3028b,TCGATTCCCGGCCCATGCACCA
tsRNA-3029b,TCGATTCCCGGTCAGGGAACCA
tsRNA-3042b,TCGATTCCCGGCCAATGCACCA
tsRNA-3045b,GTCGTATCCAGTGCGTGTCGTGGAGTCGGCAATTGCACTGGATACGACTGGTTCC
tsRNA-5002b,GACCCAGTGGCCTAATGGA
tsRNA-5004a,GCATTGGTGGTTCAGTGGTAGA
tsRNA-5005b,GCCCGGATAGCTCAGTCGG
tsRNA-5006a,GCCCGGCTAGCTCAGTCGG
tsRNA-5009b,GCTTCTGTAGTGTAGTGGTTATC
tsRNA-5016b,GTAGTCGTGGCCGAGTGGTTAAGG
tsRNA-5021a,GTCGTATCCAGTGCGTGTCGTGGAGTCGGCAATTGCACTGGATACGACCCTAACC
